{
    "loss": 5.8490729331970215,
    "accuracy": 0.5576098561286926
}