{
    "loss": 3.9503135681152344,
    "accuracy": 0.610932469367981
}